ExportDate	StudioVersionRec	StudioProjectName	StudioTestName	ParticipantName	RecordingName	RecordingDate	RecordingDuration	RecordingResolution	FixationFilter	MediaName	MediaPosX (ADCSpx)	MediaPosY (ADCSpx)	MediaWidth	MediaHeight	SegmentName	SegmentStart	SegmentEnd	SegmentDuration	SceneName	SceneSegmentStart	SceneSegmentEnd	SceneSegmentDuration	RecordingTimestamp	LocalTimeStamp	EyeTrackerTimestamp	MouseEventIndex	MouseEvent	MouseEventX (ADCSpx)	MouseEventY (ADCSpx)	MouseEventX (MCSpx)	MouseEventY (MCSpx)	KeyPressEventIndex	KeyPressEvent	StudioEventIndex	StudioEvent	StudioEventData	ExternalEventIndex	ExternalEvent	ExternalEventValue	EventMarkerValue	FixationIndex	SaccadeIndex	GazeEventType	GazeEventDuration	FixationPointX (MCSpx)	FixationPointY (MCSpx)	AOI[header]Hit	AOI[top-menu]Hit	AOI[carousel]Hit	AOI[side-menu]Hit	AOI[news-tp-cup]Hit	AOI[news-dod]Hit	AOI[down-news]Hit	AOI[about-fiit]Hit	AOI[contacts]Hit	AOI[map-location]Hit	AOI[logos-and-social]Hit	AOI[down-menu]Hit	AOI[footer]Hit	AOI[header-links]Hit	AOI[header-search]Hit	AOI[header-logo]Hit	AOI[top-menu-faculty]Hit	AOI[top-menu-prospective-students]Hit	AOI[top-menu-students]Hit	AOI[top-menu-alumni]Hit	AOI[top-menu-research]Hit	AOI[top-menu-public]Hit	AOI[top-menu-employees]Hit	AOI[down-menu-study]Hit	AOI[down-menu-research]Hit	AOI[down-menu-international]Hit	AOI[down-menu-faculty]Hit	AOI[down-menu-media]Hit	AOI[down-menu-links]Hit	AOI[down-menu-accessiblity]Hit	AOI[main-body]Hit	AOI[left-menu]Hit	AOI[Polygon]Hit	GazePointIndex	GazePointLeftX (ADCSpx)	GazePointLeftY (ADCSpx)	GazePointRightX (ADCSpx)	GazePointRightY (ADCSpx)	GazePointX (ADCSpx)	GazePointY (ADCSpx)	GazePointX (MCSpx)	GazePointY (MCSpx)	GazePointLeftX (ADCSmm)	GazePointLeftY (ADCSmm)	GazePointRightX (ADCSmm)	GazePointRightY (ADCSmm)	StrictAverageGazePointX (ADCSmm)	StrictAverageGazePointY (ADCSmm)	EyePosLeftX (ADCSmm)	EyePosLeftY (ADCSmm)	EyePosLeftZ (ADCSmm)	EyePosRightX (ADCSmm)	EyePosRightY (ADCSmm)	EyePosRightZ (ADCSmm)	CamLeftX	CamLeftY	CamRightX	CamRightY	DistanceLeft	DistanceRight	PupilLeft	PupilRight	ValidityLeft	ValidityRight	IRMarkerCount	IRMarkerID	PupilGlassesRight	
2.1.2017	3.4.4	DOD2016	FIIT	P01m	Rec 01m	16.12.2016	179979	1920 x 1200	I-VT filter	http://www.fiit.stuba.sk/	30	77	1864	1977									12489	10:59:01.243	1481882444562759																1		Fixation	117	662	761	0	0	0	0	1	0	0	0	0	0	0	0	0	0	0	0	0	0	0	0	0	0	0	0	0	0	0	0	0	0	1	0	0	26	716	850	670	855	693	852	663	775	193,65	94,68	181,16	93,47	187,41	94,08	237,26	246,13	534,41	295,09	238,54	524,36					578,06	578,06	3,52	3,40	0	0				
2.1.2017	3.4.4	DOD2016	FIIT	P01m	Rec 01m	16.12.2016	179979	1920 x 1200	I-VT filter	http://www.fiit.stuba.sk/	30	77	1864	1977									12639	10:59:01.393	1481882444712763																2		Fixation	200	757	406	0	0	1	0	0	0	0	0	0	0	0	0	0	0	0	0	0	0	0	0	0	0	0	0	0	0	0	0	0	0	1	0	0	35	796	495	773	490	784	492	754	415	215,43	190,79	209,06	192,38	212,25	191,59	237,39	246,82	533,81	295,14	239,25	523,48					577,82	577,82	3,62	3,53	0	0				
2.1.2017	3.4.4	DOD2016	FIIT	P01m	Rec 01m	16.12.2016	179979	1920 x 1200	I-VT filter	http://www.fiit.stuba.sk/	30	77	1864	1977									14865	10:59:03.619	1481882446939031																3		Fixation	135	973	404	0	0	1	0	0	0	0	0	0	0	0	0	0	0	0	0	0	0	0	0	0	0	0	0	0	0	0	0	0	0	1	0	0	167			986	456	986	456	956	379			266,79	201,55						264,78	206,84	448,33						0,00		3,37	4	0				
2.1.2017	3.4.4	DOD2016	FIIT	P01m	Rec 01m	16.12.2016	179979	1920 x 1200	I-VT filter	http://www.fiit.stuba.sk/	30	77	1864	1977									15101	10:59:03.855	1481882447175074																4		Fixation	117	718	190	0	0	1	0	0	0	0	0	0	0	0	0	0	0	0	0	0	0	0	0	0	0	0	0	0	0	0	0	0	0	0	0	0	181	760	311	730	225	745	268	715	191	205,69	240,62	197,40	263,93	201,55	252,28	192,13	213,21	490,06	251,08	219,89	490,01					527,65	527,65	3,62	3,86	0	0				
2.1.2017	3.4.4	DOD2016	FIIT	P01m	Rec 01m	16.12.2016	179979	1920 x 1200	I-VT filter	http://www.fiit.stuba.sk/	30	77	1864	1977									15252	10:59:04.005	1481882447325656																5		Fixation	300	908	260	0	0	1	0	0	0	0	0	0	0	0	0	0	0	0	0	0	0	0	0	0	0	0	0	0	0	0	0	0	0	0	0	0	190	947	364	924	300	935	332	905	255	256,31	226,39	249,95	243,77	253,13	235,08	193,39	212,84	492,63	252,43	218,91	493,82					529,65	529,65	3,68	3,80	0	0				
2.1.2017	3.4.4	DOD2016	FIIT	P01m	Rec 01m	16.12.2016	179979	1920 x 1200	I-VT filter	http://www.fiit.stuba.sk/	30	77	1864	1977									15568	10:59:04.322	1481882447642237																6		Fixation	233	954	267	0	0	1	0	0	0	0	0	0	0	0	0	0	0	0	0	0	0	0	0	0	0	0	0	0	0	0	0	0	0	0	0	0	209	973	365	986	313	979	339	949	262	263,36	226,02	266,74	240,24	265,05	233,13	193,45	210,26	494,86	252,29	218,09	496,79					530,58	530,58	3,66	3,77	0	0				
2.1.2017	3.4.4	DOD2016	FIIT	P01m	Rec 01m	16.12.2016	179979	1920 x 1200	I-VT filter	http://www.fiit.stuba.sk/	30	77	1864	1977									15835	10:59:04.589	1481882447908965																7		Fixation	300	1055	252	0	0	1	0	0	0	0	0	0	0	0	0	0	0	0	0	0	0	0	0	0	0	0	0	0	0	0	0	0	0	0	0	0	225	1075	339	1084	304	1079	321	1049	244	290,88	233,23	293,18	242,75	292,03	237,99	199,49	210,40	497,35	258,47	216,78	500,19					532,18	532,18	3,82	3,69	0	0				
2.1.2017	3.4.4	DOD2016	FIIT	P01m	Rec 01m	16.12.2016	179979	1920 x 1200	I-VT filter	http://www.fiit.stuba.sk/	30	77	1864	1977									16185	10:59:04.939	1481882448258871																8		Fixation	217	934	286	0	0	1	0	0	0	0	0	0	0	0	0	0	0	0	0	0	0	0	0	0	0	0	0	0	0	0	0	0	0	0	0	0	246	973	372	970	333	971	352	941	275	263,22	224,12	262,44	234,91	262,83	229,51	201,67	209,58	494,63	260,72	215,37	497,13					529,14	529,14	3,67	3,72	0	0				
2.1.2017	3.4.4	DOD2016	FIIT	P01m	Rec 01m	16.12.2016	179979	1920 x 1200	I-VT filter	http://www.fiit.stuba.sk/	30	77	1864	1977									16418	10:59:05.172	1481882448492297																9		Fixation	233	866	266	0	0	1	0	0	0	0	0	0	0	0	0	0	0	0	0	0	0	0	0	0	0	0	0	0	0	0	0	0	0	0	0	0	260	903	373	886	323	894	348	864	271	244,24	223,99	239,78	237,54	242,01	230,76	200,95	208,27	493,69	259,95	214,50	496,33					527,84	527,84	3,57	3,63	0	0				
2.1.2017	3.4.4	DOD2016	FIIT	P01m	Rec 01m	16.12.2016	179979	1920 x 1200	I-VT filter	http://www.fiit.stuba.sk/	30	77	1864	1977									16685	10:59:05.439	1481882448758878																10		Fixation	250	855	116	0	1	0	0	0	0	0	0	0	0	0	0	0	0	0	0	0	0	0	1	0	0	0	0	0	0	0	0	0	0	0	0	0	276	875	229	890	160	882	194	852	117	236,79	263,03	240,80	281,76	238,79	272,40	200,84	208,38	493,80	259,77	214,60	496,43					527,99	527,99	3,61	3,61	0	0				
2.1.2017	3.4.4	DOD2016	FIIT	P01m	Rec 01m	16.12.2016	179979	1920 x 1200	I-VT filter	http://www.fiit.stuba.sk/	30	77	1864	1977									17118	10:59:05.872	1481882449192223																11		Fixation	183	732	641	0	0	0	0	1	0	0	0	0	0	0	0	0	0	0	0	0	0	0	0	0	0	0	0	0	0	0	0	0	0	1	0	0	302	774	723	744	717	759	720	729	643	209,54	129,24	201,39	130,77	205,47	130,01	199,27	207,54	493,80	258,40	213,77	495,83					527,82	527,82	3,54	3,60	0	0				
2.1.2017	3.4.4	DOD2016	FIIT	P01m	Rec 01m	16.12.2016	179979	1920 x 1200	I-VT filter	http://www.fiit.stuba.sk/	30	77	1864	1977									17335	10:59:06.089	1481882449408998																12		Fixation	67	604	599	0	0	0	0	0	1	0	0	0	0	0	0	0	0	0	0	0	0	0	0	0	0	0	0	0	0	0	0	0	0	1	0	0	315	659	710	618	662	638	686	608	609	178,42	132,69	167,16	145,78	172,79	139,23	198,31	209,55	495,53	257,51	215,42	497,21					530,32	530,32	3,61	3,69	0	0				
2.1.2017	3.4.4	DOD2016	FIIT	P01m	Rec 01m	16.12.2016	179979	1920 x 1200	I-VT filter	http://www.fiit.stuba.sk/	30	77	1864	1977									17468	10:59:06.222	1481882449541837																13		Fixation	200	608	94	0	1	0	0	0	0	0	0	0	0	0	0	0	0	0	0	0	1	0	0	0	0	0	0	0	0	0	0	0	0	0	0	0	323	633	192	631	133	632	162	602	85	171,16	273,05	170,84	288,92	171,00	280,98	197,63	212,23	497,46	256,71	217,66	498,41					533,24	533,24	3,85	3,76	0	0				
2.1.2017	3.4.4	DOD2016	FIIT	P01m	Rec 01m	16.12.2016	179979	1920 x 1200	I-VT filter	http://www.fiit.stuba.sk/	30	77	1864	1977									25485	10:59:14.238	1481882457558670																14		Fixation	133	1050	262	0	0	1	0	0	0	0	0	0	0	0	0	0	0	0	0	0	0	0	0	0	0	0	0	0	0	0	0	0	0	0	0	0	804	1104	330	1065	360	1084	345	1054	268	298,82	235,57	288,08	227,48	293,45	231,52	224,89	237,81	524,59	284,08	232,68	521,57					566,19	566,19	4,06	3,86	0	0				
2.1.2017	3.4.4	DOD2016	FIIT	P01m	Rec 01m	16.12.2016	179979	1920 x 1200	I-VT filter	http://www.fiit.stuba.sk/	30	77	1864	1977									27201	10:59:15.955	1481882459275304																15		Fixation	183	998	322	0	0	1	0	0	0	0	0	0	0	0	0	0	0	0	0	0	0	0	0	0	0	0	0	0	0	0	0	0	0	0	0	0	907	1027	404	1015	396	1021	400	991	323	277,90	215,62	274,61	217,62	276,25	216,62	222,59	235,25	524,53	281,73	231,18	521,67					565,17	565,17	3,53	3,41	0	0				
2.1.2017	3.4.4	DOD2016	FIIT	P01m	Rec 01m	16.12.2016	179979	1920 x 1200	I-VT filter	http://www.fiit.stuba.sk/	30	77	1864	1977									27435	10:59:16.188	1481882459508633																16		Fixation	183	781	146	0	0	1	0	0	0	0	0	0	0	0	0	0	0	0	0	0	0	0	0	0	0	0	0	0	0	0	0	0	0	0	0	0	921	799	230	808	219	803	224	773	147	216,23	262,58	218,70	265,62	217,47	264,10	221,99	235,69	524,86	281,17	231,58	521,71					565,70	565,70	3,52	3,48	0	0				
2.1.2017	3.4.4	DOD2016	FIIT	P01m	Rec 01m	16.12.2016	179979	1920 x 1200	I-VT filter	http://www.fiit.stuba.sk/	30	77	1864	1977									27635	10:59:16.388	1481882459708617																17		Fixation	200	736	137	0	1	1	0	0	0	0	0	0	0	0	0	0	0	0	0	0	0	1	0	0	0	0	0	0	0	0	0	0	0	0	0	0	933	778	229	761	213	769	221	739	144	210,64	262,88	205,91	267,34	208,28	265,11	221,64	235,66	524,87	280,89	231,62	521,75					565,72	565,72	3,60	3,54	0	0				
2.1.2017	3.4.4	DOD2016	FIIT	P01m	Rec 01m	16.12.2016	179979	1920 x 1200	I-VT filter	http://www.fiit.stuba.sk/	30	77	1864	1977									27851	10:59:16.605	1481882459925265																18		Fixation	150	884	45	1	0	0	0	0	0	0	0	0	0	0	0	0	0	0	0	0	0	0	0	0	0	0	0	0	0	0	0	0	0	0	0	0	946	907	146	916	112	911	129	881	52	245,42	285,37	247,95	294,50	246,68	289,94	221,93	235,68	524,89	281,13	231,66	521,90					565,72	565,72	3,68	3,65	0	0				
2.1.2017	3.4.4	DOD2016	FIIT	P01m	Rec 01m	16.12.2016	179979	1920 x 1200	I-VT filter	http://www.fiit.stuba.sk/	30	77	1864	1977									28151	10:59:16.905	1481882460225328																19		Fixation	100	931	46	1	0	0	0	0	0	0	0	0	0	0	0	0	0	0	0	0	0	0	0	0	0	0	0	0	0	0	0	0	0	0	0	0	964	946	167	999	98	972	132	942	55	256,06	279,85	270,22	298,28	263,14	289,07	221,95	236,06	525,14	281,23	231,91	522,04					566,11	566,11	3,75	3,84	0	0				
2.1.2017	3.4.4	DOD2016	FIIT	P01m	Rec 01m	16.12.2016	179979	1920 x 1200	I-VT filter	http://www.fiit.stuba.sk/	30	77	1864	1977									28668	10:59:17.422	1481882460741923																20		Fixation	183	727	97	0	1	0	0	0	0	0	0	0	0	0	0	0	0	0	0	0	0	1	0	0	0	0	0	0	0	0	0	0	0	0	0	0	995	745	203	763	152	754	177	724	100	201,62	270,07	206,54	283,81	204,08	276,94	221,35	235,53	525,03	280,58	231,49	521,81					565,83	565,83	3,73	3,78	0	0				
2.1.2017	3.4.4	DOD2016	FIIT	P01m	Rec 01m	16.12.2016	179979	1920 x 1200	I-VT filter	http://www.fiit.stuba.sk/	30	77	1864	1977									28868	10:59:17.622	1481882460941944																21		Fixation	117	820	106	0	1	0	0	0	0	0	0	0	0	0	0	0	0	0	0	0	0	1	0	0	0	0	0	0	0	0	0	0	0	0	0	0	1007	829	221	875	153	852	187	822	110	224,33	264,98	236,64	283,56	230,48	274,27	221,56	235,53	525,09	280,77	231,45	521,89					565,87	565,87	3,76	3,84	0	0				
2.1.2017	3.4.4	DOD2016	FIIT	P01m	Rec 01m	16.12.2016	179979	1920 x 1200	I-VT filter	http://www.fiit.stuba.sk/	30	77	1864	1977									29018	10:59:17.772	1481882461091955																22		Fixation	150	847	97	0	1	0	0	0	0	0	0	0	0	0	0	0	0	0	0	0	0	0	1	0	0	0	0	0	0	0	0	0	0	0	0	0	1016	887	186	871	148	879	167	849	90	240,14	274,69	235,76	284,87	237,95	279,78	221,54	235,50	525,21	280,75	231,47	521,96					565,97	565,97	3,76	3,71	0	0				
2.1.2017	3.4.4	DOD2016	FIIT	P01m	Rec 01m	16.12.2016	179979	1920 x 1200	I-VT filter	http://www.fiit.stuba.sk/	30	77	1864	1977									29201	10:59:17.955	1481882461275349																23		Fixation	283	755	112	0	1	0	0	0	0	0	0	0	0	0	0	0	0	0	0	0	0	1	0	0	0	0	0	0	0	0	0	0	0	0	0	0	1027	784	215	779	169	781	192	751	115	212,23	266,67	210,92	279,25	211,57	272,96	221,49	235,51	525,31	280,68	231,50	521,98					566,06	566,06	3,59	3,60	0	0				
2.1.2017	3.4.4	DOD2016	FIIT	P01m	Rec 01m	16.12.2016	179979	1920 x 1200	I-VT filter	http://www.fiit.stuba.sk/	30	77	1864	1977									29501	10:59:18.255	1481882461575131																24		Fixation	200	733	147	0	0	1	0	0	0	0	0	0	0	0	0	0	0	0	0	0	0	0	0	0	0	0	0	0	0	0	0	0	0	0	0	0	1045	771	234	750	209	760	221	730	144	208,49	261,46	203,00	268,40	205,74	264,93	222,99	239,47	528,67	282,07	235,37	524,25					570,70	570,70	3,66	3,64	0	0				
2.1.2017	3.4.4	DOD2016	FIIT	P01m	Rec 01m	16.12.2016	179979	1920 x 1200	I-VT filter	http://www.fiit.stuba.sk/	30	77	1864	1977									29718	10:59:18.471	1481882461791731																25		Fixation	350	800	147	0	0	1	0	0	0	0	0	0	0	0	0	0	0	0	0	0	0	0	0	0	0	0	0	0	0	0	0	0	0	0	0	0	1058	812	230	815	230	813	230	783	153	219,68	262,79	220,49	262,70	220,09	262,75	228,15	244,62	534,07	287,12	239,43	529,13					577,50	577,50	3,66	3,69	0	0				
2.1.2017	3.4.4	DOD2016	FIIT	P01m	Rec 01m	16.12.2016	179979	1920 x 1200	I-VT filter	http://www.fiit.stuba.sk/	30	77	1864	1977									30085	10:59:18.838	1481882462158609																26		Fixation	150	762	148	0	0	1	0	0	0	0	0	0	0	0	0	0	0	0	0	0	0	0	0	0	0	0	0	0	0	0	0	0	0	0	0	0	1080	793	226	791	205	792	215	762	138	214,70	263,88	214,07	269,47	214,38	266,68	229,26	245,26	534,30	288,14	239,69	528,42					577,93	577,93	3,68	3,75	0	0				
2.1.2017	3.4.4	DOD2016	FIIT	P01m	Rec 01m	16.12.2016	179979	1920 x 1200	I-VT filter	http://www.fiit.stuba.sk/	30	77	1864	1977									30268	10:59:19.022	1481882462341927																27		Fixation	183	782	146	0	0	1	0	0	0	0	0	0	0	0	0	0	0	0	0	0	0	0	0	0	0	0	0	0	0	0	0	0	0	0	0	0	1091	824	226	807	220	815	223	785	146	222,98	263,67	218,48	265,49	220,73	264,58	226,93	243,06	530,68	285,74	237,61	524,42					573,84	573,84	3,67	3,67	0	0				
2.1.2017	3.4.4	DOD2016	FIIT	P01m	Rec 01m	16.12.2016	179979	1920 x 1200	I-VT filter	http://www.fiit.stuba.sk/	30	77	1864	1977									30617	10:59:19.371	1481882462691110																28		Fixation	250	721	134	0	1	1	0	0	0	0	0	0	0	0	0	0	0	0	0	0	0	1	0	0	0	0	0	0	0	0	0	0	0	0	0	0	1112																			-8,38										4	4				
2.1.2017	3.4.4	DOD2016	FIIT	P01m	Rec 01m	16.12.2016	179979	1920 x 1200	I-VT filter	http://www.fiit.stuba.sk/	30	77	1864	1977									30901	10:59:19.655	1481882462975315																29		Fixation	83	816	132	0	1	1	0	0	0	0	0	0	0	0	0	0	0	0	0	0	0	1	0	0	0	0	0	0	0	0	0	0	0	0	0	0	1129	838	225	833	201	835	213	805	136	226,84	264,02	225,29	270,47	226,06	267,24	217,63	237,62	526,79	276,35	233,89	519,33					568,57	568,57	3,66	3,61	0	0				
2.1.2017	3.4.4	DOD2016	FIIT	P01m	Rec 01m	16.12.2016	179979	1920 x 1200	I-VT filter	http://www.fiit.stuba.sk/	30	77	1864	1977									31001	10:59:19.755	1481882463075254																30		Fixation	117	799	141	0	0	1	0	0	0	0	0	0	0	0	0	0	0	0	0	0	0	1	0	0	0	0	0	0	0	0	0	0	0	0	0	0	1135	825	230	836	208	830	219	800	142	223,33	262,64	226,12	268,73	224,73	265,68	217,99	238,01	527,29	276,75	234,29	519,85					569,17	569,17	3,60	3,68	0	0				
2.1.2017	3.4.4	DOD2016	FIIT	P01m	Rec 01m	16.12.2016	179979	1920 x 1200	I-VT filter	http://www.fiit.stuba.sk/	30	77	1864	1977									31151	10:59:19.905	1481882463225249																31		Fixation	183	783	139	0	1	1	0	0	0	0	0	0	0	0	0	0	0	0	0	0	0	1	0	0	0	0	0	0	0	0	0	0	0	0	0	0	1144	804	228	811	207	807	217	777	140	217,53	263,23	219,40	268,87	218,46	266,05	217,49	237,71	526,88	276,26	234,22	519,57					568,70	568,70	3,55	3,57	0	0				
2.1.2017	3.4.4	DOD2016	FIIT	P01m	Rec 01m	16.12.2016	179979	1920 x 1200	I-VT filter	http://www.fiit.stuba.sk/	30	77	1864	1977									31368	10:59:20.122	1481882463441902																32		Fixation	133	516	140	0	1	1	0	0	0	0	0	0	0	0	0	0	0	0	0	0	1	0	0	0	0	0	0	0	0	0	0	0	0	0	0	0	1157	563	242	553	196	558	219	528	142	152,27	259,34	149,55	271,98	150,91	265,66	216,68	238,27	527,18	275,44	234,39	519,64					569,27	569,27	3,49	3,59	0	0				
2.1.2017	3.4.4	DOD2016	FIIT	P01m	Rec 01m	16.12.2016	179979	1920 x 1200	I-VT filter	http://www.fiit.stuba.sk/	30	77	1864	1977									31551	10:59:20.305	1481882463625164																33		Fixation	183	425	137	0	1	1	0	0	0	0	0	0	0	0	0	0	0	0	0	1	0	0	0	0	0	0	0	0	0	0	0	0	0	0	0	0	1168	450	213	452	199	451	206	421	129	121,76	267,33	122,26	271,02	122,01	269,18	215,73	238,21	527,49	274,48	234,47	519,86					569,59	569,59	3,47	3,57	0	0				
2.1.2017	3.4.4	DOD2016	FIIT	P01m	Rec 01m	16.12.2016	179979	1920 x 1200	I-VT filter	http://www.fiit.stuba.sk/	30	77	1864	1977									31784	10:59:20.538	1481882463858464																34		Fixation	483	405	124	0	1	1	0	0	0	0	0	0	0	0	0	0	0	0	0	1	0	0	0	0	0	0	0	0	0	0	0	0	0	0	0	0	1182	429	214	432	203	430	208	400	131	116,21	267,05	117,02	269,88	116,61	268,46	215,62	238,09	528,15	274,34	234,17	520,30					570,14	570,14	3,48	3,58	0	0				
2.1.2017	3.4.4	DOD2016	FIIT	P01m	Rec 01m	16.12.2016	179979	1920 x 1200	I-VT filter	http://www.fiit.stuba.sk/	30	77	1864	1977									32285	10:59:21.038	1481882464358546																35		Fixation	183	479	128	0	1	1	0	0	0	0	0	0	0	0	0	0	0	0	0	1	0	0	0	0	0	0	0	0	0	0	0	0	0	0	0	0	1212	510	213	509	183	509	198	479	121	137,88	267,30	137,77	275,52	137,82	271,41	215,75	236,71	528,28	274,52	233,25	520,47					569,66	569,66	3,60	3,63	0	0				
2.1.2017	3.4.4	DOD2016	FIIT	P01m	Rec 01m	16.12.2016	179979	1920 x 1200	I-VT filter	http://www.fiit.stuba.sk/	30	77	1864	1977									32485	10:59:21.238	1481882464558541																36		Fixation	83	517	129	0	1	1	0	0	0	0	0	0	0	0	0	0	0	0	0	0	1	0	0	0	0	0	0	0	0	0	0	0	0	0	0	0	1224	563	220	542	203	552	211	522	134	152,23	265,41	146,76	270,09	149,49	267,75	215,70	236,92	528,14	274,45	233,20	520,21					569,62	569,62	3,62	3,55	0	0				
2.1.2017	3.4.4	DOD2016	FIIT	P01m	Rec 01m	16.12.2016	179979	1920 x 1200	I-VT filter	http://www.fiit.stuba.sk/	30	77	1864	1977									32618	10:59:21.372	1481882464691845																37		Fixation	133	557	140	0	1	1	0	0	0	0	0	0	0	0	0	0	0	0	0	0	1	0	0	0	0	0	0	0	0	0	0	0	0	0	0	0	1232	582	225	586	215	584	220	554	143	157,51	264,08	158,66	266,82	158,09	265,45	215,75	236,74	528,11	274,46	233,10	520,27					569,51	569,51	3,50	3,50	0	0				
2.1.2017	3.4.4	DOD2016	FIIT	P01m	Rec 01m	16.12.2016	179979	1920 x 1200	I-VT filter	http://www.fiit.stuba.sk/	30	77	1864	1977									32784	10:59:21.538	1481882464858507																38		Fixation	183	425	82	1	0	0	0	0	0	0	0	0	0	0	0	0	0	0	1	0	0	0	0	0	0	0	0	0	0	0	0	0	0	0	0	0	1242	445	171	451	151	448	161	418	84	120,49	278,59	121,99	284,03	121,24	281,31	215,94	236,78	528,17	274,68	233,07	520,22					569,57	569,57	3,45	3,49	0	0				
2.1.2017	3.4.4	DOD2016	FIIT	P01m	Rec 01m	16.12.2016	179979	1920 x 1200	I-VT filter	http://www.fiit.stuba.sk/	30	77	1864	1977									33135	10:59:21.888	1481882465208616																39		Fixation	150	499	101	0	1	0	0	0	0	0	0	0	0	0	0	0	0	0	0	1	0	0	0	0	0	0	0	0	0	0	0	0	0	0	0	0	1263	533	173	529	165	531	169	501	92	144,09	278,14	143,22	280,23	143,66	279,19	216,51	236,14	528,52	275,26	232,73	520,60					569,56	569,56	3,64	3,62	0	0				
2.1.2017	3.4.4	DOD2016	FIIT	P01m	Rec 01m	16.12.2016	179979	1920 x 1200	I-VT filter	http://www.fiit.stuba.sk/	30	77	1864	1977									33435	10:59:22.188	1481882465508691																40		Fixation	183	466	93	0	1	0	0	0	0	0	0	0	0	0	0	0	0	0	0	1	0	0	0	0	0	0	0	0	0	0	0	0	0	0	0	0	1281	471	176	468	165	469	170	439	93	127,47	277,24	126,57	280,38	127,02	278,81	216,38	236,30	528,61	275,15	232,95	520,56					569,73	569,73	3,45	3,46	0	0				
2.1.2017	3.4.4	DOD2016	FIIT	P01m	Rec 01m	16.12.2016	179979	1920 x 1200	I-VT filter	http://www.fiit.stuba.sk/	30	77	1864	1977									33634	10:59:22.388	1481882465708415																41		Fixation	167	488	94	0	1	0	0	0	0	0	0	0	0	0	0	0	0	0	0	1	0	0	0	0	0	0	0	0	0	0	0	0	0	0	0	0	1293	509	189	527	156	518	172	488	95	137,62	273,81	142,50	282,76	140,06	278,29	216,30	236,09	528,61	275,08	232,82	520,61					569,65	569,65	3,44	3,45	0	0				
2.1.2017	3.4.4	DOD2016	FIIT	P01m	Rec 01m	16.12.2016	179979	1920 x 1200	I-VT filter	http://www.fiit.stuba.sk/	30	77	1864	1977									33851	10:59:22.605	1481882465925037																42		Fixation	250	406	88	1	0	0	0	0	0	0	0	0	0	0	0	0	0	0	1	0	0	0	0	0	0	0	0	0	0	0	0	0	0	0	0	0	1306	426	177	446	159	436	168	406	91	115,32	277,14	120,79	281,96	118,05	279,55	216,51	235,95	529,07	275,22	232,61	520,85					569,98	569,98	3,39	3,46	0	0				
2.1.2017	3.4.4	DOD2016	FIIT	P01m	Rec 01m	16.12.2016	179979	1920 x 1200	I-VT filter	http://www.fiit.stuba.sk/	30	77	1864	1977									34184	10:59:22.938	1481882466258521																43		Fixation	83	442	130	0	1	1	0	0	0	0	0	0	0	0	0	0	0	0	0	1	0	0	0	0	0	0	0	0	0	0	0	0	0	0	0	0	1326	461	216	473	199	467	207	437	130	124,61	266,53	127,89	271,01	126,25	268,77	216,64	235,89	529,05	275,33	232,62	520,76					569,93	569,93	3,39	3,42	0	0				
2.1.2017	3.4.4	DOD2016	FIIT	P01m	Rec 01m	16.12.2016	179979	1920 x 1200	I-VT filter	http://www.fiit.stuba.sk/	30	77	1864	1977									34285	10:59:23.038	1481882466358589																44		Fixation	217	405	160	0	0	1	0	0	0	0	0	0	0	0	0	0	0	0	0	0	0	0	0	0	0	0	0	0	0	0	0	0	0	0	0	0	1332	446	220	437	230	441	225	411	148	120,67	265,39	118,12	262,75	119,40	264,07	216,72	235,87	529,11	275,41	232,64	520,81					569,97	569,97	3,43	3,44	0	0				
2.1.2017	3.4.4	DOD2016	FIIT	P01m	Rec 01m	16.12.2016	179979	1920 x 1200	I-VT filter	http://www.fiit.stuba.sk/	30	77	1864	1977									34551	10:59:23.305	1481882466625182																45		Fixation	300	470	166	0	0	1	0	0	0	0	0	0	0	0	0	0	0	0	0	0	0	0	0	0	0	0	0	0	0	0	0	0	0	0	0	0	1348	493	236	502	235	497	235	467	158	133,48	261,00	135,85	261,41	134,66	261,20	216,97	235,58	529,21	275,67	232,39	520,95					569,91	569,91	3,40	3,53	0	0				
2.1.2017	3.4.4	DOD2016	FIIT	P01m	Rec 01m	16.12.2016	179979	1920 x 1200	I-VT filter	http://www.fiit.stuba.sk/	30	77	1864	1977									34884	10:59:23.638	1481882466958492																46		Fixation	200	403	173	0	0	1	0	0	0	0	0	0	0	0	0	0	0	0	0	0	0	0	0	0	0	0	0	0	0	0	0	0	0	0	0	0	1368	431	248	428	271	429	259	399	182	116,67	257,82	115,72	251,70	116,20	254,76	216,58	235,46	529,56	275,23	232,38	521,17					570,21	570,21	3,34	3,43	0	0				
2.1.2017	3.4.4	DOD2016	FIIT	P01m	Rec 01m	16.12.2016	179979	1920 x 1200	I-VT filter	http://www.fiit.stuba.sk/	30	77	1864	1977									35101	10:59:23.855	1481882467174925																47		Fixation	333	458	169	0	0	1	0	0	0	0	0	0	0	0	0	0	0	0	0	0	0	0	0	0	0	0	0	0	0	0	0	0	0	0	0	0	1381	491	248	478	254	484	251	454	174	132,91	257,79	129,34	256,14	131,12	256,96	217,00	235,27	529,51	275,65	232,12	521,13					570,05	570,05	3,34	3,43	0	0				
2.1.2017	3.4.4	DOD2016	FIIT	P01m	Rec 01m	16.12.2016	179979	1920 x 1200	I-VT filter	http://www.fiit.stuba.sk/	30	77	1864	1977									35534	10:59:24.288	1481882467608497																48		Fixation	100	386	167	0	0	1	0	0	0	0	0	0	0	0	0	0	0	0	0	0	0	0	0	0	0	0	0	0	0	0	0	0	0	0	0	0	1407	415	257	420	231	417	244	387	167	112,18	255,42	113,59	262,46	112,89	258,94	217,13	235,28	529,42	275,78	232,07	521,00					569,96	569,96	3,49	3,66	0	0				
2.1.2017	3.4.4	DOD2016	FIIT	P01m	Rec 01m	16.12.2016	179979	1920 x 1200	I-VT filter	http://www.fiit.stuba.sk/	30	77	1864	1977									35651	10:59:24.405	1481882467725112																49		Fixation	200	479	169	0	0	1	0	0	0	0	0	0	0	0	0	0	0	0	0	0	0	0	0	0	0	0	0	0	0	0	0	0	0	0	0	0	1414	497	242	514	255	505	248	475	171	134,61	259,38	139,00	255,92	136,80	257,65	217,41	235,28	529,54	276,04	232,20	521,25					570,06	570,06	3,47	3,58	0	0				
2.1.2017	3.4.4	DOD2016	FIIT	P01m	Rec 01m	16.12.2016	179979	1920 x 1200	I-VT filter	http://www.fiit.stuba.sk/	30	77	1864	1977									35884	10:59:24.638	1481882467958418																50		Fixation	333	567	173	0	0	1	0	0	0	0	0	0	0	0	0	0	0	0	0	0	0	0	0	0	0	0	0	0	0	0	0	0	0	0	0	0	1428	615	260	585	250	600	255	570	178	166,44	254,63	158,26	257,37	162,35	256,00	217,84	235,12	529,04	276,51	232,06	520,92					569,50	569,50	3,61	3,56	0	0				
2.1.2017	3.4.4	DOD2016	FIIT	P01m	Rec 01m	16.12.2016	179979	1920 x 1200	I-VT filter	http://www.fiit.stuba.sk/	30	77	1864	1977									36251	10:59:25.005	1481882468325134																51		Fixation	183	444	174	0	0	1	0	0	0	0	0	0	0	0	0	0	0	0	0	0	0	0	0	0	0	0	0	0	0	0	0	0	0	0	0	0	1450	470	259	479	253	474	256	444	179	127,07	254,77	129,60	256,50	128,34	255,63	217,54	235,10	529,47	276,17	231,98	520,95					569,90	569,90	3,50	3,58	0	0				
2.1.2017	3.4.4	DOD2016	FIIT	P01m	Rec 01m	16.12.2016	179979	1920 x 1200	I-VT filter	http://www.fiit.stuba.sk/	30	77	1864	1977									36451	10:59:25.205	1481882468525141																52		Fixation	100	493	173	0	0	1	0	0	0	0	0	0	0	0	0	0	0	0	0	0	0	0	0	0	0	0	0	0	0	0	0	0	0	0	0	0	1462	523	245	514	245	518	245	488	168	141,43	258,70	139,16	258,55	140,29	258,62	217,41	235,14	529,52	276,07	232,13	521,15					569,98	569,98	3,45	3,51	0	0				
2.1.2017	3.4.4	DOD2016	FIIT	P01m	Rec 01m	16.12.2016	179979	1920 x 1200	I-VT filter	http://www.fiit.stuba.sk/	30	77	1864	1977									36584	10:59:25.338	1481882468658478																53		Fixation	117	670	174	0	0	1	0	0	0	0	0	0	0	0	0	0	0	0	0	0	0	0	0	0	0	0	0	0	0	0	0	0	0	0	0	0	1470	703	270	703	239	703	254	673	177	190,24	251,91	190,25	260,33	190,24	256,12	217,88	235,12	529,32	276,55	232,15	521,10					569,76	569,76	3,49	3,47	0	0				
2.1.2017	3.4.4	DOD2016	FIIT	P01m	Rec 01m	16.12.2016	179979	1920 x 1200	I-VT filter	http://www.fiit.stuba.sk/	30	77	1864	1977									36718	10:59:25.471	1481882468791803																54		Fixation	167	720	179	0	0	1	0	0	0	0	0	0	0	0	0	0	0	0	0	0	0	0	0	0	0	0	0	0	0	0	0	0	0	0	0	0	1478	752	259	752	255	752	257	722	180	203,51	254,90	203,36	255,98	203,43	255,44	218,12	235,03	529,02	276,80	232,15	520,98					569,42	569,42	3,58	3,51	0	0				
2.1.2017	3.4.4	DOD2016	FIIT	P01m	Rec 01m	16.12.2016	179979	1920 x 1200	I-VT filter	http://www.fiit.stuba.sk/	30	77	1864	1977									36901	10:59:25.655	1481882468975127																55		Fixation	233	739	175	0	0	1	0	0	0	0	0	0	0	0	0	0	0	0	0	0	0	0	0	0	0	0	0	0	0	0	0	0	0	0	0	0	1489	778	238	771	253	774	245	744	168	210,44	260,39	208,56	256,37	209,50	258,38	218,21	234,99	529,22	276,90	232,04	521,00					569,58	569,58	3,57	3,48	0	0				
2.1.2017	3.4.4	DOD2016	FIIT	P01m	Rec 01m	16.12.2016	179979	1920 x 1200	I-VT filter	http://www.fiit.stuba.sk/	30	77	1864	1977									37168	10:59:25.921	1481882469241808																56		Fixation	133	481	133	0	1	1	0	0	0	0	0	0	0	0	0	0	0	0	0	1	0	0	0	0	0	0	0	0	0	0	0	0	0	0	0	0	1505	509	220	511	184	510	202	480	125	137,74	265,36	138,16	275,05	137,95	270,20	217,46	235,08	529,45	276,11	232,10	521,06					569,88	569,88	3,38	3,45	0	0				
2.1.2017	3.4.4	DOD2016	FIIT	P01m	Rec 01m	16.12.2016	179979	1920 x 1200	I-VT filter	http://www.fiit.stuba.sk/	30	77	1864	1977									37318	10:59:26.071	1481882469391801																57		Fixation	250	403	133	0	1	1	0	0	0	0	0	0	0	0	0	0	0	0	0	1	0	0	0	0	0	0	0	0	0	0	0	0	0	0	0	0	1514	430	229	440	202	435	215	405	138	116,26	262,90	118,96	270,27	117,61	266,59	217,02	235,17	529,84	275,65	232,17	521,23					570,31	570,31	3,33	3,42	0	0				
2.1.2017	3.4.4	DOD2016	FIIT	P01m	Rec 01m	16.12.2016	179979	1920 x 1200	I-VT filter	http://www.fiit.stuba.sk/	30	77	1864	1977									37601	10:59:26.355	1481882469675175																58		Fixation	167	496	1	1	0	0	0	0	0	0	0	0	0	0	0	0	0	0	1	0	0	0	0	0	0	0	0	0	0	0	0	0	0	0	0	0	1531	505	88	525	83	515	85	485	8	136,55	301,23	141,99	302,57	139,27	301,90	217,17	235,17	529,73	275,79	232,31	521,40					570,20	570,20	3,40	3,45	0	0				
2.1.2017	3.4.4	DOD2016	FIIT	P01m	Rec 01m	16.12.2016	179979	1920 x 1200	I-VT filter	http://www.fiit.stuba.sk/	30	77	1864	1977									37801	10:59:26.555	1481882469875217																59		Fixation	183	428	44	1	0	0	0	0	0	0	0	0	0	0	0	0	0	0	1	0	0	0	0	0	0	0	0	0	0	0	0	0	0	0	0	0	1543	451	137	458	114	454	125	424	48	122,05	287,88	123,93	294,00	122,99	290,94	216,60	235,31	530,01	275,24	232,39	521,39					570,55	570,55	3,44	3,54	0	0				
2.1.2017	3.4.4	DOD2016	FIIT	P01m	Rec 01m	16.12.2016	179979	1920 x 1200	I-VT filter	http://www.fiit.stuba.sk/	30	77	1864	1977									38018	10:59:26.772	1481882470091920																60		Fixation	133	672	3	1	0	0	0	0	0	0	0	0	0	0	0	0	0	0	1	0	0	0	0	0	0	0	0	0	0	0	0	0	0	0	0	0	1556	719	77	691	83	705	80	675	3	194,58	303,97	186,93	302,50	190,75	303,24	217,11	235,28	529,99	275,71	232,52	521,77					570,48	570,48	3,60	3,50	0	0				
2.1.2017	3.4.4	DOD2016	FIIT	P01m	Rec 01m	16.12.2016	179979	1920 x 1200	I-VT filter	http://www.fiit.stuba.sk/	30	77	1864	1977									38168	10:59:26.921	1481882470241799																61		Fixation	100	634	5	1	0	0	0	0	0	0	0	0	0	0	0	0	0	0	1	0	0	0	0	0	0	0	0	0	0	0	0	0	0	0	0	0	1565	669	90	674	67	671	78	641	1	181,06	300,64	182,44	306,74	181,75	303,69	216,78	235,23	530,29	275,41	232,43	521,83					570,76	570,76	3,48	3,52	0	0				
2.1.2017	3.4.4	DOD2016	FIIT	P01m	Rec 01m	16.12.2016	179979	1920 x 1200	I-VT filter	http://www.fiit.stuba.sk/	30	77	1864	1977									38301	10:59:27.055	1481882470375142																62		Fixation	133	436	116	0	1	0	0	0	0	0	0	0	0	0	0	0	0	0	0	1	0	0	0	0	0	0	0	0	0	0	0	0	0	0	0	0	1573	464	205	466	179	465	192	435	115	125,66	269,39	126,16	276,44	125,91	272,91	216,33	235,16	530,50	274,94	232,26	521,83					570,95	570,95	3,38	3,46	0	0				
2.1.2017	3.4.4	DOD2016	FIIT	P01m	Rec 01m	16.12.2016	179979	1920 x 1200	I-VT filter	http://www.fiit.stuba.sk/	30	77	1864	1977									38484	10:59:27.238	1481882470558480																63		Fixation	150	421	132	0	1	1	0	0	0	0	0	0	0	0	0	0	0	0	0	1	0	0	0	0	0	0	0	0	0	0	0	0	0	0	0	0	1584	446	218	441	208	443	213	413	136	120,70	265,83	119,39	268,54	120,04	267,19	216,56	235,09	530,36	275,20	232,22	521,79					570,78	570,78	3,38	3,43	0	0				
2.1.2017	3.4.4	DOD2016	FIIT	P01m	Rec 01m	16.12.2016	179979	1920 x 1200	I-VT filter	http://www.fiit.stuba.sk/	30	77	1864	1977									38668	10:59:27.421	1481882470741700																64		Fixation	183	455	11	1	0	0	0	0	0	0	0	0	0	0	0	0	0	0	1	0	0	0	0	0	0	0	0	0	0	0	0	0	0	0	0	0	1595	466	100	483	91	474	95	444	18	126,11	297,97	130,65	300,20	128,38	299,09	217,12	235,23	530,21	275,71	232,27	521,62					570,66	570,66	3,42	3,44	0	0				
2.1.2017	3.4.4	DOD2016	FIIT	P01m	Rec 01m	16.12.2016	179979	1920 x 1200	I-VT filter	http://www.fiit.stuba.sk/	30	77	1864	1977									39218	10:59:27.972	1481882471292172																65		Fixation	167	1265	121	0	1	1	0	0	0	0	0	0	0	0	0	0	0	0	0	0	0	0	0	0	1	0	0	0	0	0	0	0	0	0	0	0	1628	1291	202	1290	158	1290	180	1260	103	349,34	270,20	349,19	282,04	349,26	276,12	219,03	235,10	529,68	277,67	232,34	522,05					569,99	569,99	3,58	3,65	0	0				
2.1.2017	3.4.4	DOD2016	FIIT	P01m	Rec 01m	16.12.2016	179979	1920 x 1200	I-VT filter	http://www.fiit.stuba.sk/	30	77	1864	1977									39401	10:59:28.155	1481882471475490																66		Fixation	83	1238	144	0	0	1	0	0	0	0	0	0	0	0	0	0	0	0	0	0	0	0	0	0	0	0	0	0	0	0	0	0	0	0	0	0	1639	1254	228	1268	197	1261	212	1231	135	339,35	263,33	342,99	271,70	341,17	267,51	218,86	234,99	529,59	277,52	232,25	521,87					569,87	569,87	3,56	3,41	0	0				
2.1.2017	3.4.4	DOD2016	FIIT	P01m	Rec 01m	16.12.2016	179979	1920 x 1200	I-VT filter	http://www.fiit.stuba.sk/	30	77	1864	1977									39685	10:59:28.439	1481882471759026																67		Fixation	83	611	642	0	0	0	0	0	1	0	0	0	0	0	0	0	0	0	0	0	0	0	0	0	0	0	0	0	0	0	0	0	0	1	0	0	1656	683	744	615	722	649	733	619	656	184,76	123,60	166,34	129,33	175,55	126,46	217,16	234,45	530,07	275,87	231,54	521,80					570,19	570,19	3,17	3,31	0	0				
2.1.2017	3.4.4	DOD2016	FIIT	P01m	Rec 01m	16.12.2016	179979	1920 x 1200	I-VT filter	http://www.fiit.stuba.sk/	30	77	1864	1977									39885	10:59:28.639	1481882471959097																68		Fixation	183	593	527	0	0	0	0	0	1	0	0	0	0	0	0	0	0	0	0	0	0	0	0	0	0	0	0	0	0	0	0	0	0	1	0	0	1668	649	617	590	592	619	604	589	527	175,61	157,87	159,52	164,61	167,56	161,24	216,99	234,57	530,14	275,65	231,73	521,90					570,32	570,32	3,14	3,27	0	0				
2.1.2017	3.4.4	DOD2016	FIIT	P01m	Rec 01m	16.12.2016	179979	1920 x 1200	I-VT filter	http://www.fiit.stuba.sk/	30	77	1864	1977									40235	10:59:28.989	1481882472308891																69		Fixation	283	627	553	0	0	0	0	0	1	0	0	0	0	0	0	0	0	0	0	0	0	0	0	0	0	0	0	0	0	0	0	0	0	1	0	0	1689	677	628	632	624	654	626	624	549	183,25	154,82	171,06	156,11	177,15	155,46	216,66	234,32	529,93	275,39	231,56	521,83					570,05	570,05	3,06	3,22	0	0				
2.1.2017	3.4.4	DOD2016	FIIT	P01m	Rec 01m	16.12.2016	179979	1920 x 1200	I-VT filter	http://www.fiit.stuba.sk/	30	77	1864	1977									40568	10:59:29.322	1481882472642210																70		Fixation	217	930	500	0	0	0	0	1	0	0	0	0	0	0	0	0	0	0	0	0	0	0	0	0	0	0	0	0	0	0	0	0	0	1	0	0	1709	975	585	930	573	952	579	922	502	263,93	166,63	251,67	169,78	257,80	168,20	217,67	234,32	529,95	276,34	231,71	522,21					570,00	570,00	3,12	3,23	0	0				
2.1.2017	3.4.4	DOD2016	FIIT	P01m	Rec 01m	16.12.2016	179979	1920 x 1200	I-VT filter	http://www.fiit.stuba.sk/	30	77	1864	1977									40802	10:59:29.555	1481882472875626																71		Fixation	133	950	453	0	0	0	1	0	0	0	0	0	0	0	0	0	0	0	0	0	0	0	0	0	0	0	0	0	0	0	0	0	0	1	0	0	1723	1006	533	971	543	988	538	958	461	272,20	180,51	262,76	177,86	267,48	179,19	217,58	234,20	529,86	276,30	231,54	522,00					569,87	569,87	3,18	3,30	0	0				
2.1.2017	3.4.4	DOD2016	FIIT	P01m	Rec 01m	16.12.2016	179979	1920 x 1200	I-VT filter	http://www.fiit.stuba.sk/	30	-79	1864	1977									40952	10:59:29.705	1481882473025631																72		Fixation	100	947	577	0	0	0	1	0	0	0	0	0	0	0	0	0	0	0	0	0	0	0	0	0	0	0	0	0	0	0	0	0	0	1	0	0	1732	1005	517	960	500	982	508	952	587	271,92	184,83	259,70	189,55	265,81	187,19	217,38	234,27	529,87	276,11	231,63	522,03					569,93	569,93	3,29	3,36	0	0				
2.1.2017	3.4.4	DOD2016	FIIT	P01m	Rec 01m	16.12.2016	179979	1920 x 1200	I-VT filter	http://www.fiit.stuba.sk/	30	-82	1864	1977									41085	10:59:29.839	1481882473158936																73		Fixation	117	1021	465	0	0	0	1	0	0	0	0	0	0	0	0	0	0	0	0	0	0	0	0	0	0	0	0	0	0	0	0	0	0	1	0	0	1740	1073	404	1032	371	1052	387	1022	469	290,46	215,61	279,23	224,59	284,84	220,10	217,66	234,44	529,81	276,34	231,85	522,14					569,92	569,92	3,26	3,38	0	0				
2.1.2017	3.4.4	DOD2016	FIIT	P01m	Rec 01m	16.12.2016	179979	1920 x 1200	I-VT filter	http://www.fiit.stuba.sk/	30	-82	1864	1977									41252	10:59:30.005	1481882473325582																74		Fixation	317	1031	516	0	0	0	1	0	0	0	0	0	0	0	0	0	0	0	0	0	0	0	0	0	0	0	0	0	0	0	0	0	0	1	0	0	1750	1088	435	1037	421	1062	428	1032	510	294,35	207,29	280,49	210,95	287,42	209,12	217,55	234,22	529,75	276,25	231,61	522,01					569,78	569,78	3,26	3,35	0	0				
2.1.2017	3.4.4	DOD2016	FIIT	P01m	Rec 01m	16.12.2016	179979	1920 x 1200	I-VT filter	http://www.fiit.stuba.sk/	30	-82	1864	1977									41602	10:59:30.355	1481882473675580																75		Fixation	133	954	511	0	0	0	1	0	0	0	0	0	0	0	0	0	0	0	0	0	0	0	0	0	0	0	0	0	0	0	0	0	0	1	0	0	1771	1005	431	970	435	987	433	957	515	271,86	208,17	262,53	207,13	267,20	207,65	226,00	241,98	535,90	284,99	237,98	530,09					578,11	578,11	3,25	3,38	0	0				
2.1.2017	3.4.4	DOD2016	FIIT	P01m	Rec 01m	16.12.2016	179979	1920 x 1200	I-VT filter	http://www.fiit.stuba.sk/	30	-82	1864	1977									41752	10:59:30.505	1481882473825618																76		Fixation	350	982	465	0	0	0	1	0	0	0	0	0	0	0	0	0	0	0	0	0	0	0	0	0	0	0	0	0	0	0	0	0	0	1	0	0	1780	1038	396	996	377	1017	386	987	468	280,85	217,79	269,50	222,91	275,18	220,35	231,33	246,62	539,33	290,42	242,18	534,76					582,94	582,94	3,25	3,36	0	0				
2.1.2017	3.4.4	DOD2016	FIIT	P01m	Rec 01m	16.12.2016	179979	1920 x 1200	I-VT filter	http://www.fiit.stuba.sk/	30	-82	1864	1977									42152	10:59:30.905	1481882474225634																77		Fixation	233	965	527	0	0	0	1	0	0	0	0	0	0	0	0	0	0	0	0	0	0	0	0	0	0	0	0	0	0	0	0	0	0	1	0	0	1804	1002	457	982	432	992	444	962	526	271,13	201,26	265,64	208,03	268,39	204,64	236,70	245,90	537,96	295,89	241,32	534,63					581,16	581,16	3,42	3,46	0	0				
2.1.2017	3.4.4	DOD2016	FIIT	P01m	Rec 01m	16.12.2016	179979	1920 x 1200	I-VT filter	http://www.fiit.stuba.sk/	30	-82	1864	1977									42418	10:59:31.172	1481882474492275																78		Fixation	200	1038	510	0	0	0	1	0	0	0	0	0	0	0	0	0	0	0	0	0	0	0	0	0	0	0	0	0	0	0	0	0	0	1	0	0	1820	1091	443	1040	411	1065	427	1035	509	295,20	204,98	281,42	213,68	288,31	209,33	231,65	240,87	533,08	290,75	236,81	528,28					574,80	574,80	3,51	3,59	0	0				
2.1.2017	3.4.4	DOD2016	FIIT	P01m	Rec 01m	16.12.2016	179979	1920 x 1200	I-VT filter	http://www.fiit.stuba.sk/	30	-82	1864	1977									42851	10:59:31.605	1481882474925512																79		Fixation	333	965	568	0	0	0	1	0	0	0	0	0	0	0	0	0	0	0	0	0	0	0	0	0	0	0	0	0	0	0	0	0	0	1	0	0	1846	1015	490	985	472	1000	481	970	563	274,78	192,33	266,43	197,23	270,60	194,78	222,89	232,30	522,49	282,08	229,49	518,18					562,06	562,06	3,45	3,48	0	0				
2.1.2017	3.4.4	DOD2016	FIIT	P01m	Rec 01m	16.12.2016	179979	1920 x 1200	I-VT filter	http://www.fiit.stuba.sk/	30	-82	1864	1977									43201	10:59:31.955	1481882475275457																80		Fixation	133	1026	566	0	0	0	1	0	0	0	0	0	0	0	0	0	0	0	0	0	0	0	0	0	0	0	0	0	0	0	0	0	0	1	0	0	1867	1055	491	1051	496	1053	493	1023	575	285,50	191,92	284,51	190,76	285,00	191,34	222,35	230,63	522,35	281,59	228,21	518,36					561,25	561,25	3,43	3,43	0	0				
2.1.2017	3.4.4	DOD2016	FIIT	P01m	Rec 01m	16.12.2016	179979	1920 x 1200	I-VT filter	http://www.fiit.stuba.sk/	30	-82	1864	1977									43385	10:59:32.138	1481882475458761																81		Fixation	832	983	530	0	0	0	1	0	0	0	0	0	0	0	0	0	0	0	0	0	0	0	0	0	0	0	0	0	0	0	0	0	0	1	0	0	1878	1010	454	1004	467	1007	460	977	542	273,30	201,92	271,78	198,40	272,54	200,16	222,11	230,36	521,98	281,33	227,97	517,98					560,81	560,81	3,47	3,41	0	0				
2.1.2017	3.4.4	DOD2016	FIIT	P01m	Rec 01m	16.12.2016	179979	1920 x 1200	I-VT filter	http://www.fiit.stuba.sk/	30	-82	1864	1977									44305	10:59:33.058	1481882476378841																82		Fixation	406	1003	514	0	0	0	1	0	0	0	0	0	0	0	0	0	0	0	0	0	0	0	0	0	0	0	0	0	0	0	0	0	0	1	0	0	1932	1058	453	1013	445	1035	449	1005	531	286,19	202,15	274,08	204,47	280,13	203,31	220,91	229,88	522,52	280,20	227,73	518,64					561,18	561,18	3,51	3,52	0	0				
2.1.2017	3.4.4	DOD2016	FIIT	P01o	Rec 01o	16.12.2016	136420	1920 x 1200	I-VT filter	http://www.fiit.stuba.sk/	30	77	1864	1977									33910	10:58:09.624	1481881182114085																1		Fixation	86	520	551	0	0	0	0	0	1	0	0	0	0	0	0	0	0	0	0	0	0	0	0	0	0	0	0	0	0	0	0	0	0	1	0	0	3																			-8,38										4	4				
2.1.2017	3.4.4	DOD2016	FIIT	P01o	Rec 01o	16.12.2016	136420	1920 x 1200	I-VT filter	http://www.fiit.stuba.sk/	30	77	1864	1977									34514	10:58:10.228	1481881182718270																2		Fixation	217	644	563	0	0	0	0	1	0	0	0	0	0	0	0	0	0	0	0	0	0	0	0	0	0	0	0	0	0	0	0	0	0	1	0	0	39	681	685	668	643	674	664	644	587	186,98	141,66	183,42	153,15	185,20	147,40	191,82	291,55	506,32	249,87	293,24	498,90					579,32	579,32	3,59	3,76	0	0				
2.1.2017	3.4.4	DOD2016	FIIT	P01o	Rec 01o	16.12.2016	136420	1920 x 1200	I-VT filter	http://www.fiit.stuba.sk/	30	77	1864	1977									38364	10:58:14.078	1481881186568658																3		Fixation	67	772	550	0	0	0	0	1	0	0	0	0	0	0	0	0	0	0	0	0	0	0	0	0	0	0	0	0	0	0	0	0	0	1	0	0	270			791	618	791	618	761	541			217,33	159,87						270,82	285,88	479,03						0,00		3,50	4	0				
2.1.2017	3.4.4	DOD2016	FIIT	P01o	Rec 01o	16.12.2016	136420	1920 x 1200	I-VT filter	http://www.fiit.stuba.sk/	30	77	1864	1977									38614	10:58:14.329	1481881186818689																4		Fixation	67	631	408	0	0	1	0	0	0	0	0	0	0	0	0	0	0	0	0	0	0	0	0	0	0	0	0	0	0	0	0	0	0	1	0	0	285			652	466	652	466	622	389			179,10	201,84						268,30	287,77	478,93						0,00		3,64	4	0				
2.1.2017	3.4.4	DOD2016	FIIT	P01o	Rec 01o	16.12.2016	136420	1920 x 1200	I-VT filter	http://www.fiit.stuba.sk/	30	77	1864	1977									38964	10:58:14.678	1481881187168179																5		Fixation	83	447	91	0	1	0	0	0	0	0	0	0	0	0	0	0	0	0	0	1	0	0	0	0	0	0	0	0	0	0	0	0	0	0	0	0	306	459	179	484	172	471	175	441	98	125,94	280,62	132,95	282,43	129,45	281,53	201,88	294,99	485,49	259,85	295,16	479,11					562,45	562,45	3,45	3,51	0	0				
2.1.2017	3.4.4	DOD2016	FIIT	P01o	Rec 01o	16.12.2016	136420	1920 x 1200	I-VT filter	http://www.fiit.stuba.sk/	30	77	1864	1977									39097	10:58:14.811	1481881187301599																6		Fixation	100	470	123	0	1	1	0	0	0	0	0	0	0	0	0	0	0	0	0	1	0	0	0	0	0	0	0	0	0	0	0	0	0	0	0	0	314	500	212	510	198	505	205	475	128	137,29	271,48	139,99	275,25	138,64	273,37	199,44	296,30	486,26	257,34	296,78	479,11					564,07	564,07	3,41	3,51	0	0				
2.1.2017	3.4.4	DOD2016	FIIT	P01o	Rec 01o	16.12.2016	136420	1920 x 1200	I-VT filter	http://www.fiit.stuba.sk/	30	77	1864	1977									39797	10:58:15.512	1481881188001787																7		Fixation	100	782	92	0	1	0	0	0	0	0	0	0	0	0	0	0	0	0	0	0	0	1	0	0	0	0	0	0	0	0	0	0	0	0	0	0	356	803	195	819	173	811	184	781	107	220,48	276,09	224,82	282,37	222,65	279,23	201,68	293,63	480,70	259,80	294,26	475,45					557,74	557,74	3,27	3,72	0	0				
2.1.2017	3.4.4	DOD2016	FIIT	P01o	Rec 01o	16.12.2016	136420	1920 x 1200	I-VT filter	http://www.fiit.stuba.sk/	30	77	1864	1977									41147	10:58:16.861	1481881189351605																8		Fixation	183	644	94	0	1	0	0	0	0	0	0	0	0	0	0	0	0	0	0	0	1	0	0	0	0	0	0	0	0	0	0	0	0	0	0	0	437	660	199	702	144	681	171	651	94	181,21	275,08	192,69	290,23	186,95	282,66	205,70	293,22	477,47	264,17	293,90	475,65					554,40	554,40	3,39	3,95	0	0				
2.1.2017	3.4.4	DOD2016	FIIT	P01o	Rec 01o	16.12.2016	136420	1920 x 1200	I-VT filter	http://www.fiit.stuba.sk/	30	77	1864	1977									41547	10:58:17.261	1481881189751689																9		Fixation	267	633	138	0	1	1	0	0	0	0	0	0	0	0	0	0	0	0	0	0	1	0	0	0	0	0	0	0	0	0	0	0	0	0	0	0	461	662	235	659	200	660	217	630	140	181,90	265,17	180,86	274,92	181,38	270,05	204,70	292,67	478,26	263,20	293,40	475,78					554,86	554,86	3,41	3,57	0	0				
2.1.2017	3.4.4	DOD2016	FIIT	P01o	Rec 01o	16.12.2016	136420	1920 x 1200	I-VT filter	http://www.fiit.stuba.sk/	30	77	1864	1977									41880	10:58:17.595	1481881190085104																10		Fixation	100	791	271	0	0	1	0	0	0	0	0	0	0	0	0	0	0	0	0	0	0	0	0	0	0	0	0	0	0	0	0	0	0	0	0	0	481	820	378	817	355	818	366	788	289	225,21	225,82	224,23	232,17	224,72	228,99	205,61	292,32	478,78	264,02	292,82	476,13					555,01	555,01	3,45	3,63	0	0				
2.1.2017	3.4.4	DOD2016	FIIT	P01o	Rec 01o	16.12.2016	136420	1920 x 1200	I-VT filter	http://www.fiit.stuba.sk/	30	77	1864	1977									42080	10:58:17.795	1481881190285010																11		Fixation	83	533	220	0	0	1	0	0	0	0	0	0	0	0	0	0	0	0	0	0	0	0	0	0	0	0	0	0	0	0	0	0	0	0	0	0	493			580	316	580	316	550	239			159,20	243,05						263,31	292,62	476,45						0,00		3,48	4	0				
2.1.2017	3.4.4	DOD2016	FIIT	P01o	Rec 01o	16.12.2016	136420	1920 x 1200	I-VT filter	http://www.fiit.stuba.sk/	30	77	1864	1977									42230	10:58:17.945	1481881190435015																12		Fixation	117	451	211	0	0	1	0	0	0	0	0	0	0	0	0	0	0	0	0	0	0	0	0	0	0	0	0	0	0	0	0	0	0	0	0	0	502	459	304	487	274	473	289	443	212	126,13	246,27	133,76	254,52	129,94	250,39	203,82	292,09	479,89	262,15	292,79	476,66					556,00	556,00	3,31	3,48	0	0				
2.1.2017	3.4.4	DOD2016	FIIT	P01o	Rec 01o	16.12.2016	136420	1920 x 1200	I-VT filter	http://www.fiit.stuba.sk/	30	77	1864	1977									42430	10:58:18.145	1481881190635018																13		Fixation	166	450	202	0	0	1	0	0	0	0	0	0	0	0	0	0	0	0	0	0	0	0	0	0	0	0	0	0	0	0	0	0	0	0	0	0	514	454	261	500	285	477	273	447	196	124,61	258,03	137,23	251,58	130,92	254,81	202,00	291,90	480,64	260,28	292,63	476,26					556,72	556,72	3,36	3,37	0	0				
2.1.2017	3.4.4	DOD2016	FIIT	P01o	Rec 01o	16.12.2016	136420	1920 x 1200	I-VT filter	http://www.fiit.stuba.sk/	30	77	1864	1977									42763	10:58:18.478	1481881190968075																14		Fixation	200	477	209	0	0	1	0	0	0	0	0	0	0	0	0	0	0	0	0	0	0	0	0	0	0	0	0	0	0	0	0	0	0	0	0	0	534	490	283			490	283	460	206	134,54	252,07					200,48	291,42	480,57		-8,38						556,57		3,31		0	4				
2.1.2017	3.4.4	DOD2016	FIIT	P01o	Rec 01o	16.12.2016	136420	1920 x 1200	I-VT filter	http://www.fiit.stuba.sk/	30	77	1864	1977									43880	10:58:19.595	1481881192084947																15		Fixation	200	448	241	0	0	1	0	0	0	0	0	0	0	0	0	0	0	0	0	0	0	0	0	0	0	0	0	0	0	0	0	0	0	0	0	0	601	460	283	486	328	473	305	443	228	126,38	252,02	133,46	239,63	129,92	245,83	198,17	290,15	479,21	256,37	291,09	473,28					555,02	555,02	3,25	3,45	0	0				
2.1.2017	3.4.4	DOD2016	FIIT	P01o	Rec 01o	16.12.2016	136420	1920 x 1200	I-VT filter	http://www.fiit.stuba.sk/	30	77	1864	1977									44114	10:58:19.828	1481881192318330																16		Fixation	233	512	247	0	0	1	0	0	0	0	0	0	0	0	0	0	0	0	0	0	0	0	0	0	0	0	0	0	0	0	0	0	0	0	0	0	615	533	325	547	320	540	322	510	245	146,27	240,41	150,33	241,95	148,30	241,18	198,62	290,26	479,58	256,86	291,06	473,63					555,33	555,33	3,22	3,46	0	0				
2.1.2017	3.4.4	DOD2016	FIIT	P01o	Rec 01o	16.12.2016	136420	1920 x 1200	I-VT filter	http://www.fiit.stuba.sk/	30	77	1864	1977									44480	10:58:20.195	1481881192685017																17		Fixation	283	541	253	0	0	1	0	0	0	0	0	0	0	0	0	0	0	0	0	0	0	0	0	0	0	0	0	0	0	0	0	0	0	0	0	0	637			580	335	580	335	550	258			159,36	237,67						256,60	290,94	473,59						0,00		3,46	4	0				